metric	value
accuracy	0.8115942028985508
f1_macro	0.6426415501118388
f1_micro	0.8115942028985508
f1_weighted	0.7686154766689202
