metric	value
accuracy	0.7681159420289855
f1_macro	0.5647546897546898
f1_micro	0.7681159420289855
f1_weighted	0.7154777589560198
