metric	value
accuracy	0.7681159420289855
f1_macro	0.6988862021541761
f1_micro	0.7681159420289855
f1_weighted	0.7478117222362747
