metric	value
accuracy	0.9710144927536232
f1_macro	0.8128105221926732
f1_micro	0.9710144927536232
f1_weighted	0.9640302923558322
