metric	value
accuracy	0.8260869565217391
f1_macro	0.7464138400199781
f1_micro	0.8260869565217391
f1_weighted	0.7978723631286736
