metric	value
accuracy	0.9420289855072463
f1_macro	0.9495970695970696
f1_micro	0.9420289855072463
f1_weighted	0.941366459627329
