metric	value
accuracy	0.8985507246376812
f1_macro	0.7853031327473519
f1_micro	0.8985507246376812
f1_weighted	0.8804046016207583
