metric	value
accuracy	0.7971014492753623
f1_macro	0.6327132936507937
f1_micro	0.7971014492753623
f1_weighted	0.7665890269151139
