metric	value
accuracy	0.7101449275362319
f1_macro	0.40651491365777087
f1_micro	0.7101449275362319
f1_weighted	0.628393966282165
