	precision	recall	f1-score	support
-1	0.45454545454545453	0.7692307692307693	0.5714285714285714	13.0
0	1.0	1.0	1.0	8.0
1	1.0	1.0	1.0	10.0
2	1.0	0.25	0.4	4.0
3	0.5	0.5	0.5	4.0
4	0.0	0.0	0.0	3.0
5	1.0	0.75	0.8571428571428571	4.0
6	0.0	0.0	0.0	3.0
7	0.0	0.0	0.0	2.0
8	1.0	0.25	0.4	4.0
9	0.0	0.0	0.0	3.0
10	0.6470588235294118	1.0	0.7857142857142857	11.0
accuracy	0.6666666666666666	0.6666666666666666	0.6666666666666666	0.6666666666666666
macro avg	0.5501336898395722	0.4599358974358974	0.4595238095238096	69.0
weighted avg	0.6525614198248469	0.6666666666666666	0.618840579710145	69.0
