	precision	recall	f1-score	support
-1	0.0	0.0	0.0	2.0
0	0.0	0.0	0.0	2.0
1	1.0	1.0	1.0	8.0
2	1.0	1.0	1.0	4.0
3	0.6666666666666666	1.0	0.8	8.0
4	1.0	1.0	1.0	8.0
5	0.0	0.0	0.0	2.0
6	0.6	0.9473684210526315	0.7346938775510204	19.0
7	0.75	0.75	0.75	4.0
8	0.0	0.0	0.0	5.0
9	0.0	0.0	0.0	2.0
10	0.0	0.0	0.0	3.0
11	0.0	0.0	0.0	2.0
accuracy	0.7101449275362319	0.7101449275362319	0.7101449275362319	0.7101449275362319
macro avg	0.3858974358974359	0.4382591093117409	0.40651491365777087	69.0
weighted avg	0.5758454106280193	0.7101449275362319	0.628393966282165	69.0
