metric	value
accuracy	0.9565217391304348
f1_macro	0.9430777716492001
f1_micro	0.9565217391304348
f1_weighted	0.955268311790051
