metric	value
accuracy	0.9130434782608695
f1_macro	0.8398428503691662
f1_micro	0.9130434782608695
f1_weighted	0.8988695789611121
