metric	value
accuracy	0.8985507246376812
f1_macro	0.9111539718862373
f1_micro	0.8985507246376812
f1_weighted	0.8988676795959654
