metric	value
accuracy	0.9565217391304348
f1_macro	0.9649054956022706
f1_micro	0.9565217391304348
f1_weighted	0.9569448324306439
