metric	value
accuracy	0.6521739130434783
f1_macro	0.349685534591195
f1_micro	0.6521739130434783
f1_weighted	0.5735119861452922
