metric	value
accuracy	0.6666666666666666
f1_macro	0.4595238095238096
f1_micro	0.6666666666666666
f1_weighted	0.618840579710145
