metric	value
accuracy	0.7391304347826086
f1_macro	0.5423809523809524
f1_micro	0.7391304347826086
f1_weighted	0.6860455486542443
