	precision	recall	f1-score	support
0	1.0	1.0	1.0	20.0
1	1.0	0.8	0.8888888888888888	10.0
2	0.9354838709677419	1.0	0.9666666666666667	29.0
3	1.0	1.0	1.0	10.0
accuracy	0.9710144927536232	0.9710144927536232	0.9710144927536232	0.9710144927536232
macro avg	0.9838709677419355	0.95	0.9638888888888889	69.0
weighted avg	0.9728845254791958	0.9710144927536232	0.9698872785829307	69.0
