metric	value
accuracy	0.8405797101449275
f1_macro	0.7089318794817323
f1_micro	0.8405797101449275
f1_weighted	0.8137018734417276
