	precision	recall	f1-score	support
0	0.8	0.8888888888888888	0.8421052631578947	18.0
1	1.0	0.9166666666666666	0.9565217391304348	12.0
2	1.0	0.75	0.8571428571428571	12.0
3	1.0	1.0	1.0	8.0
4	0.8571428571428571	0.9473684210526315	0.9	19.0
accuracy	0.8985507246376812	0.8985507246376812	0.8985507246376812	0.8985507246376812
macro avg	0.9314285714285713	0.9005847953216375	0.9111539718862373	69.0
weighted avg	0.9084886128364389	0.8985507246376812	0.8988676795959654	69.0
