metric	value
accuracy	0.9710144927536232
f1_macro	0.9638888888888889
f1_micro	0.9710144927536232
f1_weighted	0.9698872785829307
