metric	value
accuracy	0.7246376811594203
f1_macro	0.5015670603905897
f1_micro	0.7246376811594203
f1_weighted	0.6564117894041168
