metric	value
accuracy	0.6956521739130435
f1_macro	0.38846153846153847
f1_micro	0.6956521739130435
f1_weighted	0.6181159420289855
