metric	value
accuracy	0.9710144927536232
f1_macro	0.9755900621118012
f1_micro	0.9710144927536232
f1_weighted	0.9712170312359347
