metric	value
accuracy	0.9710144927536232
f1_macro	0.9444444444444445
f1_micro	0.9710144927536232
f1_weighted	0.9669887278582932
