method	n_clusters	adjusted_rand_score	normalized_mutual_info	homogeneity	completeness	v_measure	silhouette_score	calinski_harabasz_score	davies_bouldin_score	params_json
kmeans	6	0.44464712187599903	0.6832306996406172	0.6449413139776622	0.726353423783248	0.6832306996406171	0.39586010575294495	34.09185791015625	0.8933675807935436	"{""n_clusters"": 6, ""init"": ""k-means++"", ""max_iter"": 100}"
hierarchical	9	0.4790181978220756	0.7444980283286816	0.8160382193542294	0.6844903371298973	0.7444980283286816	0.5009259581565857	46.51145935058594	0.8886708527733542	"{""n_clusters"": 9, ""linkage"": ""ward"", ""metric"": ""euclidean""}"
dbscan	8	0.5186851499616807	0.7744656918152639	0.8391219583422669	0.7190604399424712	0.7744656918152639	0.4969331622123718	43.514278411865234	0.8252639566835374	"{""eps"": 0.4986651593645946, ""min_samples"": 2}"
hdbscan	8	0.44840779477204684	0.726955254006448	0.792387814928626	0.671504782923505	0.726955254006448	0.4558522403240204	33.19208908081055	1.269107591174435	"{""min_cluster_size"": 3, ""min_samples"": null, ""cluster_selection_epsilon"": 0.0}"
spectral	6	0.4097116134621122	0.6723487288989857	0.6646398594481708	0.6802385204530794	0.6723487288989857	0.42100390791893005	35.117027282714844	1.241653588959114	"{""n_clusters"": 6, ""affinity"": ""nearest_neighbors"", ""assign_labels"": ""kmeans"", ""n_neighbors"": 6, ""gamma"": 1.0}"
