method	n_clusters	adjusted_rand_score	normalized_mutual_info	homogeneity	completeness	v_measure	silhouette_score	calinski_harabasz_score	davies_bouldin_score	params_json
kmeans	6	0.1826498330818394	0.4941488777834135	0.4825235019911038	0.5063482603716447	0.49414887778341343	0.2965916395187378	24.22740364074707	1.4087041005331404	"{""n_clusters"": 6, ""init"": ""k-means++"", ""max_iter"": 100}"
hierarchical	6	0.2631847955241615	0.5421222668577504	0.5350007391270191	0.5494359452022005	0.5421222668577504	0.2988848090171814	24.650531768798828	1.422491568418968	"{""n_clusters"": 6, ""linkage"": ""ward"", ""metric"": ""euclidean""}"
dbscan	6	0.44543752324100555	0.6164680536362421	0.5992261355642113	0.634731593016437	0.616468053636242	0.3239705562591553	16.779346466064453	1.1251165072946667	"{""eps"": 0.5, ""min_samples"": 2}"
hdbscan	6	0.20371210439449072	0.545044031832391	0.5285860609390822	0.5625598037375552	0.545044031832391	0.39801838994026184	20.07373046875	1.348187384597861	"{""min_cluster_size"": 3, ""min_samples"": null, ""cluster_selection_epsilon"": 0.0}"
spectral	7	0.26563866786598483	0.5416304847984619	0.5528051841137231	0.5308986165431571	0.5416304847984619	0.3055715262889862	22.09429931640625	1.2851531091068913	"{""n_clusters"": 7, ""affinity"": ""rbf"", ""assign_labels"": ""kmeans"", ""n_neighbors"": 10, ""gamma"": 1.0}"
