method	n_clusters	adjusted_rand_score	normalized_mutual_info	homogeneity	completeness	v_measure	silhouette_score	calinski_harabasz_score	davies_bouldin_score	params_json
kmeans	7	0.41343327803537655	0.6918657786250726	0.7104854782757386	0.6741970891320002	0.6918657786250727	0.3099302649497986	19.3684139251709	1.3706293159353815	"{""n_clusters"": 7, ""init"": ""k-means++"", ""max_iter"": 100}"
hierarchical	10	0.42880454420066594	0.7497620859902931	0.8125745435550755	0.695963709786738	0.7497620859902931	0.4027280807495117	19.662029266357422	0.8968461742536131	"{""n_clusters"": 10, ""linkage"": ""complete"", ""metric"": ""euclidean""}"
dbscan	10	0.433755880762608	0.7530919268867629	0.8433240555955637	0.6803024271020872	0.7530919268867629	0.35032105445861816	14.604753494262695	1.312172680931832	"{""eps"": 0.7451518774032593, ""min_samples"": 2}"
hdbscan	6	0.4984550386573432	0.7265597738817877	0.7339159459991753	0.7193496028533338	0.7265597738817876	0.31065651774406433	15.264975547790527	1.497095382918913	"{""min_cluster_size"": 3, ""min_samples"": null, ""cluster_selection_epsilon"": 0.0}"
spectral	5	0.3211455854580051	0.5846251346109677	0.5435404515248055	0.632428622775378	0.5846251346109674	0.3268459737300873	23.149812698364258	1.267431933770594	"{""n_clusters"": 5, ""affinity"": ""rbf"", ""assign_labels"": ""kmeans"", ""n_neighbors"": 10, ""gamma"": 1.0}"
