method	n_clusters	adjusted_rand_score	normalized_mutual_info	homogeneity	completeness	v_measure	silhouette_score	calinski_harabasz_score	davies_bouldin_score	params_json
kmeans	6	0.1506232446122496	0.44999939165484903	0.4353515921157989	0.46566718690167286	0.449999391654849	0.3335804045200348	26.375732421875	1.2888567837310099	"{""n_clusters"": 6, ""init"": ""k-means++"", ""max_iter"": 100}"
hierarchical	8	0.19784599882320106	0.5527322636486891	0.5695606557020603	0.5368697654167867	0.552732263648689	0.38260969519615173	25.61941146850586	1.0760708295660213	"{""n_clusters"": 8, ""linkage"": ""ward"", ""metric"": ""euclidean""}"
dbscan	8	0.24313157269156319	0.5855280009685084	0.6216931138043369	0.553339171573287	0.5855280009685084	0.3982064127922058	20.053974151611328	1.3015113746069946	"{""eps"": 0.6121758284438337, ""min_samples"": 2}"
hdbscan	7	0.2084303620514195	0.5616956112108258	0.579992111328938	0.5445181760729492	0.5616956112108259	0.4038022458553314	23.77056884765625	1.270210300567641	"{""min_cluster_size"": 3, ""min_samples"": null, ""cluster_selection_epsilon"": 0.0}"
spectral	7	0.2555315458652279	0.5624952061627955	0.5763997071505969	0.5492457408161239	0.5624952061627956	0.36148133873939514	25.95307731628418	1.2332888721933313	"{""n_clusters"": 7, ""affinity"": ""rbf"", ""assign_labels"": ""kmeans"", ""n_neighbors"": 10, ""gamma"": 1.0}"
