method	n_clusters	adjusted_rand_score	normalized_mutual_info	homogeneity	completeness	v_measure	silhouette_score	calinski_harabasz_score	davies_bouldin_score	params_json
kmeans	6	0.20853241010571283	0.5124492412522615	0.4994643414349681	0.5261273157809241	0.5124492412522615	0.34070685505867004	24.40843963623047	1.2302278690047623	"{""n_clusters"": 6, ""init"": ""k-means++"", ""max_iter"": 100}"
hierarchical	6	0.22277579088678479	0.5321597560128289	0.5159918632009546	0.5493736201004418	0.5321597560128289	0.3270953595638275	23.476154327392578	1.251443677345151	"{""n_clusters"": 6, ""linkage"": ""ward"", ""metric"": ""euclidean""}"
dbscan	7	0.22262127657903288	0.5549495805930916	0.5158453041024008	0.6004688469893956	0.5549495805930916	0.3244262635707855	15.264959335327148	0.8256668061003236	"{""eps"": 0.7954393148422241, ""min_samples"": 2}"
hdbscan	7	0.3777427224279397	0.6517525801908819	0.6593974093594851	0.6442829825432873	0.6517525801908819	0.29046815633773804	14.414597511291504	1.394068824495158	"{""min_cluster_size"": 3, ""min_samples"": null, ""cluster_selection_epsilon"": 0.0}"
spectral	7	0.2986938271078818	0.6111125722945753	0.6272306467191229	0.5958021230804841	0.6111125722945752	0.35202908515930176	23.2491512298584	1.2895580287731054	"{""n_clusters"": 7, ""affinity"": ""rbf"", ""assign_labels"": ""kmeans"", ""n_neighbors"": 10, ""gamma"": 1.0}"
