method	n_clusters	adjusted_rand_score	normalized_mutual_info	homogeneity	completeness	v_measure	silhouette_score	calinski_harabasz_score	davies_bouldin_score	params_json
kmeans	6	0.4712215871327928	0.7163393144229776	0.6975508897257988	0.7361678817938874	0.7163393144229776	0.37486210465431213	30.186185836791992	1.1686615637706446	"{""n_clusters"": 6, ""init"": ""k-means++"", ""max_iter"": 100}"
hierarchical	10	0.558438305037972	0.8037538961469203	0.8902451616682124	0.7325804559943409	0.8037538961469202	0.5041811466217041	39.86052322387695	0.8567162409624007	"{""n_clusters"": 10, ""linkage"": ""ward"", ""metric"": ""euclidean""}"
dbscan	9	0.5580994264935148	0.7999761136939592	0.8851602976155006	0.7297481547594137	0.7999761136939592	0.4900972545146942	35.9217643737793	0.9320434281680481	"{""eps"": 0.6616920709609985, ""min_samples"": 3}"
hdbscan	7	0.5538821381710308	0.7903380130152808	0.8291674646957895	0.7549825974502538	0.790338013015281	0.46681535243988037	30.75375747680664	1.1154493309693907	"{""min_cluster_size"": 3, ""min_samples"": null, ""cluster_selection_epsilon"": 0.0}"
spectral	7	0.5583071398967911	0.7921691007209806	0.8038584225732486	0.7808148671484605	0.7921691007209807	0.46497097611427307	35.098880767822266	0.9324090036472716	"{""n_clusters"": 7, ""affinity"": ""rbf"", ""assign_labels"": ""kmeans"", ""n_neighbors"": 10, ""gamma"": 1.0}"
