method	n_clusters	adjusted_rand_score	normalized_mutual_info	homogeneity	completeness	v_measure	silhouette_score	calinski_harabasz_score	davies_bouldin_score	params_json
kmeans	5	0.4656084066730306	0.7051204140339861	0.6597590966492686	0.7571798321746668	0.705120414033986	0.4037352502346039	30.922222137451172	1.0401213163720961	"{""n_clusters"": 5, ""init"": ""k-means++"", ""max_iter"": 100}"
hierarchical	4	0.45867675834408367	0.6095427128227132	0.5226525740239814	0.7310842837328901	0.6095427128227132	0.30370044708251953	23.726295471191406	1.274448454158759	"{""n_clusters"": 4, ""linkage"": ""average"", ""metric"": ""euclidean""}"
dbscan	12	0.5923528645164857	0.8267187682381439	0.9371808291335467	0.7395506503712145	0.826718768238144	0.4860179126262665	22.91278648376465	0.8209439976534614	"{""eps"": 0.6547378420829775, ""min_samples"": 2}"
hdbscan	11	0.402571568599187	0.7213619477581008	0.8246745004219395	0.6410529133059151	0.7213619477581008	0.43787556886672974	20.483657836914062	1.1284455960928765	"{""min_cluster_size"": 2, ""min_samples"": null, ""cluster_selection_epsilon"": 0.0}"
spectral	7	0.5605722746490179	0.795590467711221	0.7979409906749009	0.7932537521117543	0.7955904677112211	0.4717925190925598	29.920866012573242	0.8203096052557138	"{""n_clusters"": 7, ""affinity"": ""rbf"", ""assign_labels"": ""kmeans"", ""n_neighbors"": 10, ""gamma"": 4.093795299530029}"
