method	n_clusters	adjusted_rand_score	normalized_mutual_info	homogeneity	completeness	v_measure	silhouette_score	calinski_harabasz_score	davies_bouldin_score	params_json
kmeans	6	0.19075128029985985	0.506059428750631	0.4892679276861987	0.5240444475954648	0.5060594287506309	0.3153683543205261	21.03823471069336	1.1725681415411524	"{""n_clusters"": 6, ""init"": ""k-means++"", ""max_iter"": 100}"
hierarchical	8	0.2850697118815586	0.6133088520148278	0.6477615787615174	0.5823359420081224	0.6133088520148279	0.3857654333114624	23.698575973510742	1.035734413711472	"{""n_clusters"": 8, ""linkage"": ""ward"", ""metric"": ""euclidean""}"
dbscan	9	0.4014493089771669	0.7152131986339982	0.7343768310228966	0.6970242844564459	0.7152131986339981	0.34236031770706177	11.990818977355957	0.9191595740034726	"{""eps"": 0.5, ""min_samples"": 2}"
hdbscan	8	0.34032284556103776	0.6724105374892223	0.7290703246065539	0.6239223386266363	0.6724105374892224	0.3329189121723175	14.664098739624023	1.5368108355901744	"{""min_cluster_size"": 3, ""min_samples"": null, ""cluster_selection_epsilon"": 0.0}"
spectral	7	0.25376539878099635	0.5693602840954509	0.58433022550926	0.5551382121410597	0.5693602840954509	0.3557148873806	24.39128303527832	1.15271107109922	"{""n_clusters"": 7, ""affinity"": ""rbf"", ""assign_labels"": ""kmeans"", ""n_neighbors"": 10, ""gamma"": 1.0}"
